"emp_name","total_orders"
"Rakesh Kumar","1"
"Tarun Chauhan","1"
"Santosh Pillai","1"
"Meena Chawla","1"
"Shalini Ghosh","1"
"Vivek Malhotra","1"
"Vikram Joshi","1"
"Suman Bhatia","1"
"Varun Shetty","1"
"Neeraj Shukla","1"
"Rohan Chopra","1"
"Deepika Jain","1"
"Sheetal Pathak","1"
"Rohit Rathore","1"
"Pooja Roy","1"
"Preeti Nair","1"
"Kavya Bose","1"
"Suresh Yadav","1"
"Alok Tiwari","1"
"Rajesh Sharma","2"
"Amit Gupta","1"
"Ishita Goswami","1"
"Sunil Reddy","1"
"Anjali Desai","1"
"Kavita Kaur","1"
"Simran Kapoor","1"
"Manish Sinha","1"
"Karan Patel","1"
"Arjun Iyer","1"
"Abhishek Dutta","1"
"Sneha Dubey","1"
"Pankaj Chauhan","1"
"Akash Verma","1"
"Ajay Thakur","1"
"Ritu Saxena","1"
"Ankita Rao","1"
"Aarti Deshmukh","1"
"Priya Singh","1"
"Kiran Rao","1"
